{"Frequent Locations": [{"City": "burlington", "Country": "usa", "Region": "wi"}, {"City": "burlington", "Country": "usa", "Region": "wi"}], "Latest Location": [{"City": "chicago", "Country": "usa", "Region": "il"}], "Home & Work": {}, "Daily Top Locations": [], "Top Locations Per Six-Day Period": [], "Location History": [], "Businesses and public places you may have visited": [{"Date": "2021-09-18", "Name": "Dairy Queen (CA)"}, {"Date": "2021-10-03", "Name": "Simon Property Group (US)"}, {"Date": "2021-07-02", "Name": "Jimmy John&#39;s"}, {"Date": "2021-09-19", "Name": "Walmart"}, {"Date": "2021-09-08", "Name": "Sephora"}, {"Date": "2021-09-27", "Name": "Chick-fil-A"}, {"Date": "2021-06-14", "Name": "CVS (US)"}, {"Date": "2021-09-28", "Name": "Starbucks"}, {"Date": "2021-09-11", "Name": "T-Mobile"}, {"Date": "2021-08-07", "Name": "Subway"}, {"Date": "2021-07-22", "Name": "Monster Energy (US)"}, {"Date": "2021-05-28", "Name": "Wendy&#39;s"}, {"Date": "2021-09-21", "Name": "Home Depot (US)"}, {"Date": "2021-08-12", "Name": "Chipotle"}, {"Date": "2021-06-18", "Name": "Discount Tire (US)"}, {"Date": "2021-07-17", "Name": "Albertsons Umbrella (US)"}, {"Date": "2021-09-27", "Name": "Taco Bell"}, {"Date": "2021-09-18", "Name": "Target"}, {"Date": "2021-06-26", "Name": "Sprint"}, {"Date": "2021-09-05", "Name": "7-eleven"}, {"Date": "2021-08-30", "Name": "Denny&#39;s (US)"}, {"Date": "2021-09-19", "Name": "Ace Hardware"}, {"Date": "2021-09-27", "Name": "McDonald&#39;s (US)"}, {"Date": "2021-09-23", "Name": "Mobil (US)"}, {"Date": "2021-10-03", "Name": "American Eagle Outfitters "}, {"Date": "2021-07-10", "Name": "Burger King"}, {"Date": "2021-09-11", "Name": "Dunkin Donuts"}, {"Date": "2021-10-03", "Name": "PacSun"}, {"Date": "2021-08-15", "Name": "Del Taco"}, {"Date": "2021-09-21", "Name": "Cheesecake Factory"}, {"Date": "2021-09-19", "Name": "Great Clips"}, {"Date": "2021-10-03", "Name": "Simon Property Group"}, {"Date": "2021-09-27", "Name": "Test Movie Theaters"}, {"Date": "2021-06-18", "Name": "Autozone (US)"}], "Areas you may have visited in the last two years": [{"Time": "2022/06/22 15:29:29 UTC", "City": "chicago", "Region": "Illinois", "Postal Code": "60602"}, {"Time": "2022/03/18 20:13:52 UTC", "City": "chicago", "Region": "Illinois", "Postal Code": "60608"}, {"Time": "2022/06/22 17:55:00 UTC", "City": "chicago", "Region": "Illinois", "Postal Code": "60618"}, {"Time": "2022/06/05 23:53:37 UTC", "City": "chicago", "Region": "Illinois", "Postal Code": "60621"}, {"Time": "2022/06/22 17:54:42 UTC", "City": "chicago", "Region": "Illinois", "Postal Code": "60623"}, {"Time": "2021/11/16 02:07:40 UTC", "City": "chicago", "Region": "Illinois", "Postal Code": "60624"}, {"Time": "2022/06/23 06:05:03 UTC", "City": "chicago", "Region": "Illinois", "Postal Code": "60629"}, {"Time": "2022/06/04 14:17:09 UTC", "City": "chicago", "Region": "Illinois", "Postal Code": "60638"}, {"Time": "2022/06/16 19:36:32 UTC", "City": "chicago", "Region": "Illinois", "Postal Code": "60639"}, {"Time": "2022/06/09 13:11:28 UTC", "City": "chicago", "Region": "Illinois", "Postal Code": "60645"}, {"Time": "2020/10/11 02:12:42 UTC", "City": "chicago", "Region": "Illinois", "Postal Code": "80021"}, {"Time": "2020/10/07 16:46:44 UTC", "City": "chicago", "Region": "Illinois", "Postal Code": "80033"}, {"Time": "2020/10/08 05:56:02 UTC", "City": "chicago", "Region": "Illinois", "Postal Code": "80204"}, {"Time": "2020/09/11 19:14:52 UTC", "City": "chicago", "Region": "Illinois", "Postal Code": "80211"}, {"Time": "2020/09/11 18:48:35 UTC", "City": "chicago", "Region": "Illinois", "Postal Code": "80216"}, {"Time": "2020/10/10 20:53:28 UTC", "City": "chicago", "Region": "Illinois", "Postal Code": "80401"}, {"Time": "2021/05/08 14:25:09 UTC", "City": "chicago", "Region": "Illinois", "Postal Code": "53140"}, {"Time": "2022/06/19 23:55:20 UTC", "City": "chicago", "Region": "Wisconsin", "Postal Code": "53105"}, {"Time": "2022/03/15 02:15:43 UTC", "City": "chicago", "Region": "Wisconsin", "Postal Code": "53185"}, {"Time": "2021/05/14 04:02:13 UTC", "City": "chicago", "Region": "Illinois", "Postal Code": "80204"}, {"Time": "2021/10/17 01:38:58 UTC", "City": "chicago", "Region": "Colorado", "Postal Code": "80204"}, {"Time": "2022/04/09 00:56:00 UTC", "City": "st louis", "Region": "Missouri", "Postal Code": "63106"}, {"Time": "2022/04/12 00:10:22 UTC", "City": "st louis", "Region": "Missouri", "Postal Code": "63108"}, {"Time": "2022/01/07 21:10:05 UTC", "City": "st louis", "Region": "Missouri", "Postal Code": "63113"}, {"Time": "2022/03/15 15:28:41 UTC", "City": "st louis", "Region": "Missouri", "Postal Code": "63114"}, {"Time": "2021/05/10 14:10:51 UTC", "City": "st louis", "Region": "Missouri", "Postal Code": "63115"}, {"Time": "2022/05/07 01:42:13 UTC", "City": "st louis", "Region": "Missouri", "Postal Code": "63116"}, {"Time": "2022/06/12 11:33:18 UTC", "City": "st louis", "Region": "Missouri", "Postal Code": "63130"}, {"Time": "2022/06/12 01:45:09 UTC", "City": "st louis", "Region": "Missouri", "Postal Code": "63136"}, {"Time": "2021/05/09 14:37:47 UTC", "City": "st louis", "Region": "Missouri", "Postal Code": "53182"}, {"Time": "2021/05/10 13:54:15 UTC", "City": "st louis", "Region": "Missouri", "Postal Code": "53207"}, {"Time": "2022/06/21 02:00:43 UTC", "City": "st louis", "Region": "Wisconsin", "Postal Code": "53105"}, {"Time": "2022/05/06 00:21:49 UTC", "City": "st louis", "Region": "Wisconsin", "Postal Code": "53185"}, {"Time": "2020/12/31 20:52:27 UTC", "City": "aurora", "Region": "Colorado", "Postal Code": "80002"}, {"Time": "2021/09/23 17:57:00 UTC", "City": "aurora", "Region": "Colorado", "Postal Code": "80010"}, {"Time": "2021/07/31 01:45:37 UTC", "City": "aurora", "Region": "Colorado", "Postal Code": "80011"}, {"Time": "2021/09/19 23:36:07 UTC", "City": "aurora", "Region": "Colorado", "Postal Code": "80012"}, {"Time": "2021/05/29 01:39:04 UTC", "City": "aurora", "Region": "Colorado", "Postal Code": "80013"}, {"Time": "2020/07/02 22:33:53 UTC", "City": "aurora", "Region": "Colorado", "Postal Code": "80014"}, {"Time": "2021/01/01 02:45:54 UTC", "City": "aurora", "Region": "Colorado", "Postal Code": "80015"}, {"Time": "2021/06/15 23:28:55 UTC", "City": "aurora", "Region": "Colorado", "Postal Code": "80017"}, {"Time": "2020/07/01 03:08:47 UTC", "City": "aurora", "Region": "Colorado", "Postal Code": "80020"}, {"Time": "2021/02/18 17:04:30 UTC", "City": "aurora", "Region": "Colorado", "Postal Code": "80110"}, {"Time": "2021/01/30 20:52:03 UTC", "City": "aurora", "Region": "Colorado", "Postal Code": "80123"}, {"Time": "2021/08/02 23:28:23 UTC", "City": "aurora", "Region": "Colorado", "Postal Code": "80202"}, {"Time": "2021/09/23 18:33:42 UTC", "City": "aurora", "Region": "Colorado", "Postal Code": "80204"}, {"Time": "2020/12/12 01:37:46 UTC", "City": "aurora", "Region": "Colorado", "Postal Code": "80205"}, {"Time": "2021/02/26 15:31:49 UTC", "City": "aurora", "Region": "Colorado", "Postal Code": "80210"}, {"Time": "2021/05/29 01:19:29 UTC", "City": "aurora", "Region": "Colorado", "Postal Code": "80211"}, {"Time": "2021/06/19 17:00:11 UTC", "City": "aurora", "Region": "Colorado", "Postal Code": "80212"}, {"Time": "2021/06/20 22:04:05 UTC", "City": "aurora", "Region": "Colorado", "Postal Code": "80214"}, {"Time": "2021/09/23 18:37:32 UTC", "City": "aurora", "Region": "Colorado", "Postal Code": "80216"}, {"Time": "2021/02/05 22:33:04 UTC", "City": "aurora", "Region": "Colorado", "Postal Code": "80219"}, {"Time": "2020/06/26 20:59:14 UTC", "City": "aurora", "Region": "Colorado", "Postal Code": "80223"}, {"Time": "2020/12/24 00:12:03 UTC", "City": "aurora", "Region": "Colorado", "Postal Code": "80226"}, {"Time": "2021/09/22 20:20:10 UTC", "City": "aurora", "Region": "Colorado", "Postal Code": "80229"}, {"Time": "2021/01/07 00:48:26 UTC", "City": "aurora", "Region": "Colorado", "Postal Code": "80232"}, {"Time": "2020/10/29 19:41:16 UTC", "City": "aurora", "Region": "Colorado", "Postal Code": "80236"}, {"Time": "2020/12/29 04:43:31 UTC", "City": "aurora", "Region": "Colorado", "Postal Code": "80237"}, {"Time": "2021/06/21 18:20:02 UTC", "City": "aurora", "Region": "Colorado", "Postal Code": "80239"}, {"Time": "2020/08/12 23:51:57 UTC", "City": "aurora", "Region": "Colorado", "Postal Code": "80435"}, {"Time": "2020/08/09 00:19:35 UTC", "City": "aurora", "Region": "Colorado", "Postal Code": "80439"}, {"Time": "2020/09/21 15:52:17 UTC", "City": "aurora", "Region": "Colorado", "Postal Code": "80443"}, {"Time": "2021/07/23 05:43:40 UTC", "City": "aurora", "Region": "Colorado", "Postal Code": "80504"}, {"Time": "2020/09/21 16:16:29 UTC", "City": "aurora", "Region": "Colorado", "Postal Code": "81655"}, {"Time": "2020/09/21 15:52:19 UTC", "City": "aurora", "Region": "Colorado", "Postal Code": "81657"}, {"Time": "2021/07/14 02:51:00 UTC", "City": "los angeles", "Region": "California", "Postal Code": "90040"}, {"Time": "2021/07/14 00:44:43 UTC", "City": "los angeles", "Region": "California", "Postal Code": "89109"}, {"Time": "2022/06/20 00:08:56 UTC", "City": "denver", "Region": "Wisconsin", "Postal Code": "53105"}, {"Time": "2021/06/11 16:28:02 UTC", "City": "denver", "Region": "Colorado", "Postal Code": "80002"}, {"Time": "2021/04/16 04:18:27 UTC", "City": "denver", "Region": "Colorado", "Postal Code": "80033"}, {"Time": "2021/10/17 20:15:28 UTC", "City": "denver", "Region": "Colorado", "Postal Code": "80109"}, {"Time": "2021/05/17 14:01:57 UTC", "City": "denver", "Region": "Colorado", "Postal Code": "80120"}, {"Time": "2021/01/30 22:42:36 UTC", "City": "denver", "Region": "Colorado", "Postal Code": "80123"}, {"Time": "2021/10/03 00:00:41 UTC", "City": "denver", "Region": "Colorado", "Postal Code": "80202"}, {"Time": "2021/10/04 16:12:51 UTC", "City": "denver", "Region": "Colorado", "Postal Code": "80203"}, {"Time": "2021/10/23 22:12:09 UTC", "City": "denver", "Region": "Colorado", "Postal Code": "80204"}, {"Time": "2021/10/21 16:01:28 UTC", "City": "denver", "Region": "Colorado", "Postal Code": "80205"}, {"Time": "2021/10/04 16:13:04 UTC", "City": "denver", "Region": "Colorado", "Postal Code": "80206"}, {"Time": "2021/06/27 15:18:31 UTC", "City": "denver", "Region": "Colorado", "Postal Code": "80207"}, {"Time": "2021/10/14 16:52:29 UTC", "City": "denver", "Region": "Colorado", "Postal Code": "80209"}, {"Time": "2021/09/07 15:25:24 UTC", "City": "denver", "Region": "Colorado", "Postal Code": "80210"}, {"Time": "2022/06/17 00:19:12 UTC", "City": "denver", "Region": "Colorado", "Postal Code": "80211"}, {"Time": "2021/08/22 03:00:22 UTC", "City": "denver", "Region": "Colorado", "Postal Code": "80212"}, {"Time": "2021/10/04 20:35:20 UTC", "City": "denver", "Region": "Colorado", "Postal Code": "80214"}, {"Time": "2020/11/12 21:57:26 UTC", "City": "denver", "Region": "Colorado", "Postal Code": "80215"}, {"Time": "2021/09/21 19:22:25 UTC", "City": "denver", "Region": "Colorado", "Postal Code": "80216"}, {"Time": "2021/09/19 18:04:50 UTC", "City": "denver", "Region": "Colorado", "Postal Code": "80218"}, {"Time": "2022/06/24 07:38:42 UTC", "City": "denver", "Region": "Colorado", "Postal Code": "80219"}, {"Time": "2022/06/16 23:50:30 UTC", "City": "denver", "Region": "Colorado", "Postal Code": "80220"}, {"Time": "2021/08/26 21:00:15 UTC", "City": "denver", "Region": "Colorado", "Postal Code": "80221"}, {"Time": "2021/03/09 20:41:38 UTC", "City": "denver", "Region": "Colorado", "Postal Code": "80222"}, {"Time": "2021/10/04 20:26:13 UTC", "City": "denver", "Region": "Colorado", "Postal Code": "80223"}, {"Time": "2021/10/21 00:38:49 UTC", "City": "denver", "Region": "Colorado", "Postal Code": "80224"}, {"Time": "2021/10/15 00:16:02 UTC", "City": "denver", "Region": "Colorado", "Postal Code": "80226"}, {"Time": "2021/03/11 19:45:39 UTC", "City": "denver", "Region": "Colorado", "Postal Code": "80227"}, {"Time": "2021/10/24 18:43:48 UTC", "City": "denver", "Region": "Colorado", "Postal Code": "80229"}, {"Time": "2021/06/27 04:42:29 UTC", "City": "denver", "Region": "Colorado", "Postal Code": "80230"}, {"Time": "2021/10/25 07:36:05 UTC", "City": "denver", "Region": "Colorado", "Postal Code": "80231"}, {"Time": "2020/11/17 23:00:41 UTC", "City": "denver", "Region": "Colorado", "Postal Code": "80232"}, {"Time": "2021/06/18 22:04:00 UTC", "City": "denver", "Region": "Colorado", "Postal Code": "80233"}, {"Time": "2021/01/22 23:49:51 UTC", "City": "denver", "Region": "Colorado", "Postal Code": "80236"}, {"Time": "2021/08/05 18:14:35 UTC", "City": "denver", "Region": "Colorado", "Postal Code": "80237"}, {"Time": "2021/10/19 18:44:57 UTC", "City": "denver", "Region": "Colorado", "Postal Code": "80238"}, {"Time": "2021/09/12 07:01:30 UTC", "City": "denver", "Region": "Colorado", "Postal Code": "80239"}, {"Time": "2022/06/10 21:12:13 UTC", "City": "denver", "Region": "Colorado", "Postal Code": "80246"}, {"Time": "2022/06/04 19:44:32 UTC", "City": "denver", "Region": "Colorado", "Postal Code": "80247"}, {"Time": "2021/05/07 19:31:57 UTC", "City": "denver", "Region": "Colorado", "Postal Code": "80249"}, {"Time": "2022/06/21 14:43:25 UTC", "City": "denver", "Region": "Colorado", "Postal Code": "80251"}, {"Time": "2021/09/30 19:07:23 UTC", "City": "denver", "Region": "Colorado", "Postal Code": "80260"}, {"Time": "2021/10/03 18:54:10 UTC", "City": "denver", "Region": "Colorado", "Postal Code": "80401"}, {"Time": "2020/07/18 18:04:06 UTC", "City": "denver", "Region": "Colorado", "Postal Code": "80403"}, {"Time": "2020/08/08 23:41:58 UTC", "City": "denver", "Region": "Colorado", "Postal Code": "80439"}, {"Time": "2020/10/06 21:06:37 UTC", "City": "denver", "Region": "Colorado", "Postal Code": "80443"}, {"Time": "2020/10/06 19:56:42 UTC", "City": "denver", "Region": "Colorado", "Postal Code": "80444"}, {"Time": "2020/10/06 20:09:59 UTC", "City": "denver", "Region": "Colorado", "Postal Code": "80452"}, {"Time": "2020/09/19 02:19:07 UTC", "City": "denver", "Region": "Colorado", "Postal Code": "80465"}, {"Time": "2021/06/29 00:42:16 UTC", "City": "denver", "Region": "Colorado", "Postal Code": "80466"}, {"Time": "2020/07/19 19:13:35 UTC", "City": "denver", "Region": "Colorado", "Postal Code": "80497"}, {"Time": "2021/08/26 00:53:21 UTC", "City": "denver", "Region": "Colorado", "Postal Code": "80631"}, {"Time": "2020/08/26 02:26:50 UTC", "City": "denver", "Region": "Colorado", "Postal Code": "80640"}, {"Time": "2020/10/06 21:12:50 UTC", "City": "denver", "Region": "Colorado", "Postal Code": "81620"}, {"Time": "2021/10/28 16:18:28 UTC", "City": "bellevue", "Region": "Illinois", "Postal Code": "60002"}, {"Time": "2021/11/16 19:22:12 UTC", "City": "bellevue", "Region": "Illinois", "Postal Code": "60097"}, {"Time": "2021/12/18 02:26:29 UTC", "City": "bellevue", "Region": "Wisconsin", "Postal Code": "53005"}, {"Time": "2022/01/21 17:55:38 UTC", "City": "bellevue", "Region": "Wisconsin", "Postal Code": "53105"}, {"Time": "2022/01/24 17:01:17 UTC", "City": "bellevue", "Region": "Wisconsin", "Postal Code": "53119"}, {"Time": "2021/11/13 19:11:54 UTC", "City": "bellevue", "Region": "Wisconsin", "Postal Code": "53132"}, {"Time": "2022/01/26 21:30:32 UTC", "City": "bellevue", "Region": "Wisconsin", "Postal Code": "53147"}, {"Time": "2022/01/24 21:35:28 UTC", "City": "bellevue", "Region": "Wisconsin", "Postal Code": "53150"}, {"Time": "2021/11/09 22:49:11 UTC", "City": "bellevue", "Region": "Wisconsin", "Postal Code": "53154"}, {"Time": "2021/12/18 21:00:28 UTC", "City": "bellevue", "Region": "Wisconsin", "Postal Code": "53182"}, {"Time": "2022/01/22 17:04:25 UTC", "City": "bellevue", "Region": "Wisconsin", "Postal Code": "53185"}, {"Time": "2021/12/18 04:41:06 UTC", "City": "bellevue", "Region": "Wisconsin", "Postal Code": "53233"}, {"Time": "2021/09/27 19:46:34 UTC", "City": "bellevue", "Region": "Washington", "Postal Code": "80003"}, {"Time": "2021/09/27 19:13:59 UTC", "City": "bellevue", "Region": "Washington", "Postal Code": "80020"}, {"Time": "2021/09/28 18:17:33 UTC", "City": "bellevue", "Region": "Washington", "Postal Code": "80202"}, {"Time": "2021/10/14 17:19:25 UTC", "City": "bellevue", "Region": "Washington", "Postal Code": "80204"}, {"Time": "2021/05/22 04:47:11 UTC", "City": "bellevue", "Region": "Washington", "Postal Code": "80205"}, {"Time": "2021/05/21 18:31:23 UTC", "City": "bellevue", "Region": "Washington", "Postal Code": "80210"}, {"Time": "2021/09/30 03:23:03 UTC", "City": "bellevue", "Region": "Washington", "Postal Code": "80216"}, {"Time": "2021/06/10 03:08:42 UTC", "City": "bellevue", "Region": "Washington", "Postal Code": "80226"}, {"Time": "2021/06/09 20:31:21 UTC", "City": "bellevue", "Region": "Washington", "Postal Code": "80228"}, {"Time": "2021/10/13 15:04:48 UTC", "City": "bellevue", "Region": "Washington", "Postal Code": "80229"}, {"Time": "2021/10/12 20:35:35 UTC", "City": "bellevue", "Region": "Washington", "Postal Code": "80238"}, {"Time": "2021/06/12 17:39:55 UTC", "City": "bellevue", "Region": "Washington", "Postal Code": "80239"}, {"Time": "2021/10/03 19:12:28 UTC", "City": "bellevue", "Region": "Washington", "Postal Code": "80401"}, {"Time": "2021/06/29 17:22:42 UTC", "City": "bellevue", "Region": "Washington", "Postal Code": "80466"}, {"Time": "2021/09/07 16:04:55 UTC", "City": "bellevue", "Region": "Washington", "Postal Code": "80521"}, {"Time": "2021/09/08 14:41:18 UTC", "City": "bellevue", "Region": "Washington", "Postal Code": "80526"}, {"Time": "2021/10/17 22:18:13 UTC", "City": "bellevue", "Region": "Colorado", "Postal Code": "80108"}, {"Time": "2021/10/16 17:46:33 UTC", "City": "bellevue", "Region": "Colorado", "Postal Code": "80204"}, {"Time": "2021/10/14 22:31:01 UTC", "City": "bellevue", "Region": "Colorado", "Postal Code": "80211"}, {"Time": "2021/10/15 00:54:50 UTC", "City": "bellevue", "Region": "Colorado", "Postal Code": "80226"}, {"Time": "2021/10/24 22:14:19 UTC", "City": "bellevue", "Region": "Colorado", "Postal Code": "80229"}, {"Time": "2020/07/10 16:38:48 UTC", "City": "bellevue", "Region": "Washington", "Postal Code": "80020"}, {"Time": "2021/03/27 17:10:07 UTC", "City": "bellevue", "Region": "Washington", "Postal Code": "80033"}, {"Time": "2021/03/09 17:03:40 UTC", "City": "bellevue", "Region": "Washington", "Postal Code": "80110"}, {"Time": "2021/03/20 22:58:22 UTC", "City": "bellevue", "Region": "Washington", "Postal Code": "80202"}, {"Time": "2020/07/15 23:26:35 UTC", "City": "bellevue", "Region": "Washington", "Postal Code": "80203"}, {"Time": "2021/04/05 05:25:05 UTC", "City": "bellevue", "Region": "Washington", "Postal Code": "80204"}, {"Time": "2021/03/14 04:33:23 UTC", "City": "bellevue", "Region": "Washington", "Postal Code": "80205"}, {"Time": "2020/07/15 22:59:46 UTC", "City": "bellevue", "Region": "Washington", "Postal Code": "80206"}, {"Time": "2021/03/11 23:57:27 UTC", "City": "bellevue", "Region": "Washington", "Postal Code": "80211"}, {"Time": "2021/02/23 02:32:29 UTC", "City": "bellevue", "Region": "Washington", "Postal Code": "80214"}, {"Time": "2020/11/06 20:06:22 UTC", "City": "bellevue", "Region": "Washington", "Postal Code": "80219"}, {"Time": "2021/02/05 21:58:40 UTC", "City": "bellevue", "Region": "Washington", "Postal Code": "80226"}, {"Time": "2021/04/21 23:07:51 UTC", "City": "bellevue", "Region": "Washington", "Postal Code": "80239"}, {"Time": "2021/03/09 17:54:51 UTC", "City": "bellevue", "Region": "Washington", "Postal Code": "80401"}, {"Time": "2022/02/16 19:30:07 UTC", "City": "bellevue", "Region": "Washington", "Postal Code": "98006"}, {"Time": "2022/06/24 02:53:08 UTC", "City": "columbus", "Region": "Ohio", "Postal Code": "43209"}, {"Time": "2022/06/24 02:15:23 UTC", "City": "columbus", "Region": "Ohio", "Postal Code": "43224"}, {"Time": "2022/06/10 03:37:22 UTC", "City": "columbus", "Region": "Ohio", "Postal Code": "43227"}, {"Time": "2022/06/13 18:16:58 UTC", "City": "columbus", "Region": "Ohio", "Postal Code": "43228"}, {"Time": "2022/06/23 21:05:11 UTC", "City": "columbus", "Region": "Wisconsin", "Postal Code": "53105"}, {"Time": "2021/11/19 19:56:51 UTC", "City": "racine", "Region": "Wisconsin", "Postal Code": "53406"}, {"Time": "2022/01/14 00:05:44 UTC", "City": "indianapolis", "Region": "Indiana", "Postal Code": "46208"}, {"Time": "2022/06/19 22:12:54 UTC", "City": "indianapolis", "Region": "Indiana", "Postal Code": "46222"}, {"Time": "2022/01/14 16:43:13 UTC", "City": "indianapolis", "Region": "Indiana", "Postal Code": "46226"}, {"Time": "2022/01/26 22:44:03 UTC", "City": "detroit", "Region": "Michigan", "Postal Code": "48209"}, {"Time": "2021/06/25 04:43:57 UTC", "City": "detroit", "Region": "Michigan", "Postal Code": "48219"}, {"Time": "2020/06/05 20:01:35 UTC", "City": "detroit", "Region": "Michigan", "Postal Code": "48221"}, {"Time": "2020/06/05 19:55:26 UTC", "City": "detroit", "Region": "Michigan", "Postal Code": "48227"}, {"Time": "2022/06/20 01:35:28 UTC", "City": "detroit", "Region": "Michigan", "Postal Code": "48235"}, {"Time": "2022/06/20 01:49:37 UTC", "City": "detroit", "Region": "Michigan", "Postal Code": "48238"}, {"Time": "2020/06/07 14:27:36 UTC", "City": "detroit", "Region": "Michigan", "Postal Code": "80204"}, {"Time": "2022/06/20 02:24:14 UTC", "City": "detroit", "Region": "Wisconsin", "Postal Code": "53105"}, {"Time": "2022/01/26 22:42:53 UTC", "City": "detroit", "Region": "Wisconsin", "Postal Code": "53147"}, {"Time": "2021/06/24 04:43:26 UTC", "City": "detroit", "Region": "Michigan", "Postal Code": "80204"}, {"Time": "2021/06/24 05:14:32 UTC", "City": "detroit", "Region": "Michigan", "Postal Code": "80229"}, {"Time": "2021/06/24 23:44:12 UTC", "City": "detroit", "Region": "Michigan", "Postal Code": "80239"}, {"Time": "2021/05/03 23:49:06 UTC", "City": "arvada", "Region": "Colorado", "Postal Code": "80003"}, {"Time": "2021/05/04 13:52:08 UTC", "City": "arvada", "Region": "Colorado", "Postal Code": "80204"}, {"Time": "2021/05/02 20:33:51 UTC", "City": "arvada", "Region": "Colorado", "Postal Code": "80205"}, {"Time": "2022/03/09 14:44:04 UTC", "City": "salem", "Region": "Wisconsin", "Postal Code": "53168"}, {"Time": "2022/03/09 14:43:58 UTC", "City": "salem", "Region": "Wisconsin", "Postal Code": "53185"}, {"Time": "2022/06/13 20:12:40 UTC", "City": "maineville", "Region": "Ohio", "Postal Code": "45039"}, {"Time": "2021/07/12 09:09:01 UTC", "City": "las vegas", "Region": "Nevada", "Postal Code": "89101"}, {"Time": "2021/07/13 01:03:17 UTC", "City": "las vegas", "Region": "Nevada", "Postal Code": "89102"}, {"Time": "2021/07/13 15:56:50 UTC", "City": "las vegas", "Region": "Nevada", "Postal Code": "89103"}, {"Time": "2021/07/12 22:20:14 UTC", "City": "las vegas", "Region": "Nevada", "Postal Code": "89104"}, {"Time": "2021/07/13 01:03:12 UTC", "City": "las vegas", "Region": "Nevada", "Postal Code": "89119"}, {"Time": "2022/05/27 21:57:09 UTC", "City": "dearborn", "Region": "Michigan", "Postal Code": "48126"}, {"Time": "2021/07/21 08:05:57 UTC", "City": "hamtramck", "Region": "Michigan", "Postal Code": "80204"}, {"Time": "2022/06/16 14:56:20 UTC", "City": "st paul", "Region": "Minnesota", "Postal Code": "55117"}, {"Time": "2020/07/09 02:22:57 UTC", "City": "boulder", "Region": "Colorado", "Postal Code": "80304"}, {"Time": "2022/06/08 20:39:48 UTC", "City": "louisville", "Region": "Kentucky", "Postal Code": "40211"}, {"Time": "2022/06/07 00:09:55 UTC", "City": "louisville", "Region": "Wisconsin", "Postal Code": "53105"}, {"Time": "2021/05/11 13:34:37 UTC", "City": "albuquerque", "Region": "New Mexico", "Postal Code": "80204"}, {"Time": "2021/05/04 23:07:42 UTC", "City": "albuquerque", "Region": "New Mexico", "Postal Code": "80207"}, {"Time": "2021/06/01 20:37:13 UTC", "City": "albuquerque", "Region": "New Mexico", "Postal Code": "80214"}, {"Time": "2021/05/29 18:20:57 UTC", "City": "albuquerque", "Region": "New Mexico", "Postal Code": "80223"}, {"Time": "2021/06/02 17:55:29 UTC", "City": "albuquerque", "Region": "New Mexico", "Postal Code": "80239"}, {"Time": "2021/05/10 18:04:09 UTC", "City": "albuquerque", "Region": "New Mexico", "Postal Code": "80249"}, {"Time": "2021/06/14 01:06:31 UTC", "City": "albuquerque", "Region": "New Mexico", "Postal Code": "80439"}, {"Time": "2021/06/13 23:17:54 UTC", "City": "albuquerque", "Region": "New Mexico", "Postal Code": "80452"}, {"Time": "2021/03/30 17:41:06 UTC", "City": "albuquerque", "Region": "New Mexico", "Postal Code": "80204"}, {"Time": "2021/04/05 23:55:57 UTC", "City": "albuquerque", "Region": "New Mexico", "Postal Code": "80226"}, {"Time": "2021/03/30 16:29:58 UTC", "City": "albuquerque", "Region": "New Mexico", "Postal Code": "80228"}, {"Time": "2021/04/09 23:42:23 UTC", "City": "albuquerque", "Region": "New Mexico", "Postal Code": "80239"}, {"Time": "2021/05/10 18:04:01 UTC", "City": "albuquerque", "Region": "New Mexico", "Postal Code": "87105"}, {"Time": "2021/06/02 17:31:42 UTC", "City": "albuquerque", "Region": "New Mexico", "Postal Code": "87108"}, {"Time": "2021/06/13 23:17:52 UTC", "City": "albuquerque", "Region": "New Mexico", "Postal Code": "87109"}, {"Time": "2021/04/10 01:40:37 UTC", "City": "albuquerque", "Region": "New Mexico", "Postal Code": "87110"}, {"Time": "2022/01/01 20:28:02 UTC", "City": "albuquerque", "Region": "New Mexico", "Postal Code": "87120"}, {"Time": "2022/05/20 19:29:40 UTC", "City": "albuquerque", "Region": "New Mexico", "Postal Code": "87121"}, {"Time": "2021/06/14 20:09:15 UTC", "City": "albuquerque", "Region": "New Mexico", "Postal Code": "87123"}, {"Time": "2021/06/06 02:07:39 UTC", "City": "minneapolis", "Region": "Minnesota", "Postal Code": "55404"}, {"Time": "2021/06/06 16:12:26 UTC", "City": "minneapolis", "Region": "Minnesota", "Postal Code": "55406"}, {"Time": "2021/05/07 17:57:07 UTC", "City": "minneapolis", "Region": "Minnesota", "Postal Code": "55407"}, {"Time": "2022/06/16 09:10:52 UTC", "City": "minneapolis", "Region": "Minnesota", "Postal Code": "55412"}, {"Time": "2022/06/24 07:39:01 UTC", "City": "minneapolis", "Region": "Minnesota", "Postal Code": "55415"}, {"Time": "2022/06/20 14:41:15 UTC", "City": "minneapolis", "Region": "Minnesota", "Postal Code": "55416"}, {"Time": "2021/10/27 09:50:00 UTC", "City": "minneapolis", "Region": "Minnesota", "Postal Code": "55422"}, {"Time": "2021/05/07 23:33:10 UTC", "City": "minneapolis", "Region": "Minnesota", "Postal Code": "53207"}, {"Time": "2022/06/20 02:24:43 UTC", "City": "minneapolis", "Region": "Wisconsin", "Postal Code": "53105"}, {"Time": "2021/10/26 21:51:42 UTC", "City": "minneapolis", "Region": "Iowa", "Postal Code": "52241"}, {"Time": "2021/06/05 00:10:16 UTC", "City": "minneapolis", "Region": "Minnesota", "Postal Code": "80002"}, {"Time": "2021/06/05 00:30:45 UTC", "City": "minneapolis", "Region": "Minnesota", "Postal Code": "80212"}, {"Time": "2021/06/06 00:55:20 UTC", "City": "minneapolis", "Region": "Minnesota", "Postal Code": "80219"}, {"Time": "2021/06/04 17:30:24 UTC", "City": "minneapolis", "Region": "Minnesota", "Postal Code": "80239"}, {"Time": "2021/05/07 18:49:27 UTC", "City": "minneapolis", "Region": "Minnesota", "Postal Code": "80249"}, {"Time": "2022/01/06 17:38:48 UTC", "City": "house springs", "Region": "Missouri", "Postal Code": "63051"}, {"Time": "2021/12/07 15:00:49 UTC", "City": "house springs", "Region": "Wisconsin", "Postal Code": "53105"}, {"Time": "2021/12/21 22:22:38 UTC", "City": "house springs", "Region": "Wisconsin", "Postal Code": "53132"}, {"Time": "2021/12/24 13:17:30 UTC", "City": "house springs", "Region": "Wisconsin", "Postal Code": "53185"}, {"Time": "2021/12/21 22:22:41 UTC", "City": "house springs", "Region": "Wisconsin", "Postal Code": "53215"}, {"Time": "2021/12/23 18:19:43 UTC", "City": "house springs", "Region": "Wisconsin", "Postal Code": "53219"}, {"Time": "2021/12/18 05:09:26 UTC", "City": "house springs", "Region": "Wisconsin", "Postal Code": "53233"}, {"Time": "2022/06/23 21:16:34 UTC", "City": "burlington", "Region": "Wisconsin", "Postal Code": "53105"}, {"Time": "2022/04/30 02:07:11 UTC", "City": "burlington", "Region": "Wisconsin", "Postal Code": "53185"}, {"Time": "2021/04/25 14:46:19 UTC", "City": "del norte", "Region": "Colorado", "Postal Code": "81132"}, {"Time": "2021/12/23 14:22:10 UTC", "City": "brookfield", "Region": "Wisconsin", "Postal Code": "53005"}, {"Time": "2022/06/17 18:25:14 UTC", "City": "atlanta", "Region": "Georgia", "Postal Code": "30324"}, {"Time": "2022/06/17 17:36:01 UTC", "City": "nashville", "Region": "Wisconsin", "Postal Code": "53105"}, {"Time": "2022/06/21 06:50:13 UTC", "City": "nashville", "Region": "Tennessee", "Postal Code": "37211"}, {"Time": "2021/05/17 14:01:28 UTC", "City": "commerce city", "Region": "Colorado", "Postal Code": "80022"}, {"Time": "2021/08/06 22:17:37 UTC", "City": "colorado springs", "Region": "Colorado", "Postal Code": "80229"}, {"Time": "2021/08/06 17:34:16 UTC", "City": "colorado springs", "Region": "Colorado", "Postal Code": "80909"}, {"Time": "2021/08/06 22:40:14 UTC", "City": "colorado springs", "Region": "Colorado", "Postal Code": "80910"}, {"Time": "2021/07/04 02:04:08 UTC", "City": "colorado springs", "Region": "Colorado", "Postal Code": "80916"}, {"Time": "2022/06/23 06:56:01 UTC", "City": "milwaukee", "Region": "Wisconsin", "Postal Code": "53105"}, {"Time": "2022/03/01 20:58:31 UTC", "City": "milwaukee", "Region": "Wisconsin", "Postal Code": "53177"}, {"Time": "2022/05/25 17:55:39 UTC", "City": "milwaukee", "Region": "Wisconsin", "Postal Code": "53185"}, {"Time": "2022/05/28 14:58:04 UTC", "City": "milwaukee", "Region": "Wisconsin", "Postal Code": "53204"}, {"Time": "2022/05/21 13:28:17 UTC", "City": "milwaukee", "Region": "Wisconsin", "Postal Code": "53207"}, {"Time": "2022/03/04 16:05:47 UTC", "City": "milwaukee", "Region": "Wisconsin", "Postal Code": "53209"}, {"Time": "2022/03/19 14:58:48 UTC", "City": "milwaukee", "Region": "Wisconsin", "Postal Code": "53213"}, {"Time": "2022/06/02 21:18:29 UTC", "City": "milwaukee", "Region": "Wisconsin", "Postal Code": "53215"}, {"Time": "2022/06/11 06:26:49 UTC", "City": "milwaukee", "Region": "Wisconsin", "Postal Code": "53216"}, {"Time": "2022/06/23 12:14:51 UTC", "City": "milwaukee", "Region": "Wisconsin", "Postal Code": "53218"}, {"Time": "2022/06/11 20:53:49 UTC", "City": "milwaukee", "Region": "Wisconsin", "Postal Code": "53219"}, {"Time": "2022/05/21 16:50:10 UTC", "City": "milwaukee", "Region": "Wisconsin", "Postal Code": "53221"}, {"Time": "2022/05/27 19:26:04 UTC", "City": "milwaukee", "Region": "Wisconsin", "Postal Code": "53222"}, {"Time": "2022/03/19 03:29:02 UTC", "City": "milwaukee", "Region": "Wisconsin", "Postal Code": "53226"}, {"Time": "2021/10/25 19:12:49 UTC", "City": "ft worth", "Region": "Texas", "Postal Code": "76120"}, {"Time": "2021/10/15 19:48:11 UTC", "City": "dallas", "Region": "Texas", "Postal Code": "75287"}, {"Time": "2020/08/26 08:32:23 UTC", "City": "kansas city", "Region": "Kansas", "Postal Code": "66102"}, {"Time": "2020/08/26 03:10:53 UTC", "City": "kansas city", "Region": "Kansas", "Postal Code": "80204"}, {"Time": "2020/08/26 02:27:27 UTC", "City": "kansas city", "Region": "Kansas", "Postal Code": "80640"}, {"Time": "2022/06/07 20:49:46 UTC", "City": "lakewood", "Region": "Ohio", "Postal Code": "44107"}, {"Time": "2021/05/10 13:54:44 UTC", "City": "florissant", "Region": "Missouri", "Postal Code": "63031"}, {"Time": "2021/05/09 23:32:29 UTC", "City": "florissant", "Region": "Missouri", "Postal Code": "63033"}, {"Time": "2021/05/09 14:37:43 UTC", "City": "florissant", "Region": "Missouri", "Postal Code": "53105"}, {"Time": "2021/05/10 14:43:55 UTC", "City": "florissant", "Region": "Missouri", "Postal Code": "53207"}, {"Time": "2022/01/21 13:06:28 UTC", "City": "berwyn", "Region": "Illinois", "Postal Code": "60402"}, {"Time": "2020/09/13 15:28:35 UTC", "City": "berwyn", "Region": "Illinois", "Postal Code": "80204"}, {"Time": "2020/09/14 20:39:08 UTC", "City": "berwyn", "Region": "Illinois", "Postal Code": "80211"}, {"Time": "2022/01/24 17:01:01 UTC", "City": "berwyn", "Region": "Wisconsin", "Postal Code": "53119"}]}