[{"Date and time (hourly)": "2022-06-23 06:00:00 UTC", "Search Term": "theplotinyou393", "Location": ""}, {"Date and time (hourly)": "2022-06-23 06:00:00 UTC", "Search Term": "theplotinyou39", "Location": ""}, {"Date and time (hourly)": "2022-06-23 06:00:00 UTC", "Search Term": "theplotinyou3", "Location": ""}, {"Date and time (hourly)": "2022-06-23 06:00:00 UTC", "Search Term": "theplotinyou", "Location": ""}, {"Date and time (hourly)": "2022-06-23 06:00:00 UTC", "Search Term": "theplotinyo", "Location": ""}, {"Date and time (hourly)": "2022-06-23 06:00:00 UTC", "Search Term": "theplotiny", "Location": ""}, {"Date and time (hourly)": "2022-06-23 06:00:00 UTC", "Search Term": "theplotin", "Location": ""}, {"Date and time (hourly)": "2022-06-23 06:00:00 UTC", "Search Term": "theploti", "Location": ""}, {"Date and time (hourly)": "2022-06-23 06:00:00 UTC", "Search Term": "theplot", "Location": ""}, {"Date and time (hourly)": "2022-06-23 06:00:00 UTC", "Search Term": "theplo", "Location": ""}, {"Date and time (hourly)": "2022-06-23 06:00:00 UTC", "Search Term": "thepl", "Location": ""}, {"Date and time (hourly)": "2022-06-23 06:00:00 UTC", "Search Term": "thep", "Location": ""}, {"Date and time (hourly)": "2022-06-23 06:00:00 UTC", "Search Term": "the", "Location": ""}, {"Date and time (hourly)": "2022-06-23 06:00:00 UTC", "Search Term": "th", "Location": ""}, {"Date and time (hourly)": "2022-06-23 06:00:00 UTC", "Search Term": "t", "Location": ""}]