{"Received Snap History": [{"From": "theplotinyou393", "Media Type": "IMAGE", "Created": "2022-06-25 08:18:52 UTC"}, {"From": "theplotinyou393", "Media Type": "IMAGE", "Created": "2022-06-25 06:37:45 UTC"}], "Sent Snap History": [{"To": "theplotinyou393", "Media Type": "IMAGE", "Created": "2022-06-25 10:28:08 UTC"}, {"To": "theplotinyou393", "Media Type": "IMAGE", "Created": "2022-06-24 20:06:33 UTC"}, {"To": "theplotinyou393", "Media Type": "IMAGE", "Created": "2022-06-24 12:21:03 UTC"}, {"To": "theplotinyou393", "Media Type": "IMAGE", "Created": "2022-03-30 17:16:34 UTC"}, {"To": "theplotinyou393", "Media Type": "IMAGE", "Created": "2022-03-30 17:04:11 UTC"}, {"To": "theplotinyou393", "Media Type": "VIDEO", "Created": "2022-03-29 14:13:46 UTC"}], "App Story History": []}