{"Snap Map Places History": [{"Date": "2021-09-07 18:29:06 UTC", "Place": "Horsetooth Reservoir", "Place Location": "Fort Collins, CO", "Share Type": "Story Post"}, {"Date": "2021-07-14 00:03:21 UTC", "Place": "M&amp;M&#39;S World Las Vegas", "Place Location": "Las Vegas, Nevada", "Share Type": "Story Post"}, {"Date": "2021-07-11 20:50:54 UTC", "Place": "Las Vegas", "Place Location": "Las Vegas, NV", "Share Type": "Story Post"}, {"Date": "2021-07-11 18:10:19 UTC", "Place": "Las Vegas", "Place Location": "Las Vegas, NV", "Share Type": "Story Post"}, {"Date": "2021-07-10 23:10:07 UTC", "Place": "Denver International Airport", "Place Location": "Denver, Colorado", "Share Type": "Story Post"}, {"Date": "2020-09-09 00:37:52 UTC", "Place": "Paco Sanchez Park", "Place Location": "Denver, CO", "Share Type": "Story Post"}]}