{"Snap Inc. Terms of Service": [{"Version": "Snapcash Agreement", "Acceptance Date": ""}, {"Version": "Snap Terms of Service - February 18, 2019", "Acceptance Date": "2019-04-14 12:57:28 UTC"}, {"Version": "Snap Terms of Service &amp; Privacy Policy - November 15, 2021", "Acceptance Date": "2021-11-21 16:51:46 UTC"}, {"Version": "Snapchat Privacy Policy &amp; Terms of Service - March 29, 2016", "Acceptance Date": "2016-03-30 17:54:29 UTC"}, {"Version": "Snap Privacy Policy &amp; Terms of Service - September 30, 2019", "Acceptance Date": "2019-11-14 23:27:37 UTC"}, {"Version": "Snap Privacy Policy &amp; Terms of Service - September 26, 2017", "Acceptance Date": "2017-09-27 02:48:02 UTC"}, {"Version": "Snap Privacy Policy &amp; Terms of Service - September 30, 2021", "Acceptance Date": "2021-09-02 03:00:02 UTC"}, {"Version": "Snapchat Privacy Policy &amp; Terms of Service - October 28, 2015", "Acceptance Date": ""}, {"Version": "Snap Privacy Policy &amp; Terms of Service - September 26, 2016", "Acceptance Date": "2016-09-29 22:46:21 UTC"}, {"Version": "Memories Terms of Service", "Acceptance Date": "2016-07-08 20:37:29 UTC"}, {"Version": "Snap Privacy Policy &amp; Terms of Service - January 10, 2017", "Acceptance Date": "2017-01-10 22:18:20 UTC"}], "Custom Creative Tools Terms": [], "Business Services Terms": [], "Games Terms": [{"Name": "Animal Restaurant Privacy Policy &amp; Terms of Service", "Acceptance Date": "2021-05-24 03:14:47 UTC"}, {"Name": "Flip the Egg Privacy Policy &amp; Terms of Service", "Acceptance Date": "2020-01-28 05:02:26 UTC"}]}