{"App Profile": {"Country": "US", "Creation Time": "2013-03-12 23:32:49 UTC", "Account Creation Country": "", "Platform Version": "IOS", "In-app Language": "en"}, "Demographics": {"Cohort Age": "", "Derived Ad Demographic": ""}, "Subscriptions": [], "Engagement": [{"Event": "Geolens Swipes", "Occurrences": 3}, {"Event": "Direct Snaps Created", "Occurrences": 17}, {"Event": "Chats Sent", "Occurrences": 57}, {"Event": "Discover Snap Views", "Occurrences": 15}, {"Event": "Snap Sends", "Occurrences": 8}, {"Event": "Snaps Posted to Story", "Occurrences": 2}, {"Event": "Discover Editions Viewed", "Occurrences": 6}, {"Event": "Story Ads Viewed", "Occurrences": 330}, {"Event": "Application Opens", "Occurrences": 609}, {"Event": "Story Views", "Occurrences": 24}, {"Event": "Snaps Viewed in a Story", "Occurrences": 1341}, {"Event": "Geofilter Story Snaps Viewed", "Occurrences": 329}, {"Event": "Chats Viewed", "Occurrences": 55}, {"Event": "Direct Snaps Viewed", "Occurrences": 1}, {"Event": "Snap Views", "Occurrences": 8}, {"Event": "Geofilter Swipes", "Occurrences": 7}], "Discover Channels Viewed": [{"Channel Name": "0081184f-3619-47b7-a84e-f0dc060a8512"}, {"Channel Name": "Elite Daily"}, {"Channel Name": "a32878f3-add1-4818-943f-b6ecaba1cb0d"}, {"Channel Name": "fe7bd7a0-5d65-41a7-8d08-186aaf1ef56b"}], "Breakdown of Time Spent on App": ["Camera: 0.24%", "Discover: 0.47%", "Map: 0.04%", "Memories: 0.02%", "Messaging: 1.15%", "Others: 98.04%", "Profile: 0.04%"], "Ads You Interacted With": [{"Advertiser Name": "Unilever US - Mindshare", "Date": "2021-07-31"}, {"Advertiser Name": "Coinbase, Inc", "Date": "2021-10-15"}, {"Advertiser Name": "Starz Entertainment, Llc", "Date": "2021-11-21"}, {"Advertiser Name": "Supersonic Studios LTD", "Date": "2022-01-10"}, {"Advertiser Name": "Omnicom Media Group Holdings Inc.", "Date": "2022-06-11"}, {"Advertiser Name": "The Estee Lauder Companies", "Date": "2022-06-14"}, {"Advertiser Name": "Starcom", "Date": "2022-06-18"}], "Interest Categories": ["Hip-Hop Music Fans", "Rock Music Fans", "Business News Watchers", "News Watchers", "Political News Watchers", "Celebrity News Watchers", "Parents & Family-Focused", "Techies & Gadget Fans - HEC", "Frequent Domestic Travelers", "Outdoor & Nature Enthusiasts", "Travel Enthusiasts - HEC", "Philanthropists", "Frequent Hotel Guests", "Pet & Animal Lovers", "Frequent Travelers - HEC", "Talk Show Fans", "Fun Trivia & Quiz Fanatics - HEC", "Talent & Competition Show Fans", "PC Gamers", "Arts & Culture Mavens - HEC", "Burger Lovers", "Advocates & Activists - HEC", "Teen & Young Adult Genre Fans", "Seattle Seahawks Fans", "Tennessee Titans Fans", "Math & Science Enthusiasts", "Men's Lifestyle", "Concert & Festival Goers", "Music Fans", "Dance & Electronic Music Fans", "Oral Care Shoppers", "Country Music Fans", "Pop Music Fans", "Indie & Alternative Music Fans", "Women's Fashion Shoppers", "Punk & Metal Fans", "Snow Sport Enthusiasts - HEC", "Burger Lovers - HEC", "Coffee Lovers - HEC", "Pizza Lovers - HEC", "Fast Food Junkies", "Cooking Enthusiasts", "Gamers", "Vegans & Organic Foodies", "Console & PC Gamers", "Mobile Gamers", "Hipsters & Trendsetters", "Green Living Enthusiasts", "Fun Trivia & Quiz Fanatics", "Investors & Entrepreneurs", "Home Decoristas", "Sci-fi & Fantasy Fans - HEC", "Chat Fiction Enthusiasts", "Meme Watchers", "Fitness Enthusiasts - HEC", "Cycling Enthusiasts - HEC", "Advocates & Activists", "Cordcutters - HEC", "Liquor & Spirits Drinkers", "Drama Genre Fans - HEC", "Wine Enthusiasts", "Family Genre Fans - HEC", "Discount & Thrifty Shoppers", "Reality TV Fans", "Sci-fi & Fantasy Fans", "Romance & Rom-Com Fans", "Fitness Enthusiasts", "Superhero Film Fans", "Denver Broncos Fans", "Running Enthusiasts", "Cycling Enthusiasts", "Green Bay Packers Fans", "Foodies", "Crime & Mystery Genre Fans - HEC", "Yoga Enthusiasts", "Indie & Foreign Film Fans - HEC", "Film & TV Fans - HEC", "Soft Drink Consumers", "Candy & Sweets Lovers", "Beer Drinkers", "Social Drinkers", "Beachgoers & Surfers - HEC", "Pizza Lovers", "Coffee Lovers", "Casino Visitors", "Shopping Mall Shoppers", "Comics & Animation Fans - HEC", "Theme Park Visitors", "Latin Music Fans", "Fashion & Style Gurus", "Indie & Foreign Film Fans", "Do-It-Yourselfers", "Crime & Mystery Genre Fans", "Action & Thriller Genre Fans", "Film & TV Fans", "Cordcutters", "Arts & Culture Mavens", "Adventure Seekers", "Comedy Fans", "Family Genre Fans", "Beachgoers & Surfers", "Music Fans - HEC", "Drama Genre Fans", "Automotive Enthusiasts", "Concert & Festival Goers - HEC", "Movie Theater Goers", "Horror Genre Fans", "Hipsters & Trendsetters - HEC", "Investors & Entrepreneurs - HEC", "Wellness & Healthy Lifestyle", "Travel Enthusiasts", "Techies & Gadget Fans", "Family Travelers", "Business Travelers", "Women's Lifestyle", "Frequent Travelers", "Automotive Shoppers", "Fast Food Junkies - HEC", "Gamers - HEC", "New Phone Seekers", "Money Minders", "Street Sport Enthusiasts", "Golfers", "Shoppers - HEC", "Frequent Domestic Travelers - HEC", "Snow Sport Enthusiasts", "Frequent Hotel Guests - HEC", "Cosmetics Shoppers", "Men's Fashion Shoppers", "PC Gamers - HEC", "Jewelry & Watch Shoppers", "American Football Fans - HEC", "Baseball Fans", "Big Box Shoppers", "Shoppers", "Luxury Shoppers", "Department Store Shoppers", "Toy Shoppers", "Online Shoppers", "Sports Fans", "Mobile Gamers - Puzzles", "News Watchers - HEC", "American Football Fans", "Celebrity News Watchers - HEC", "Outdoor & Nature Enthusiasts - HEC", "Mobile Gamers - Trivia", "Pet & Animal Lovers - HEC", "Comics & Animation Fans", "Bookworms & Avid Readers", "Beauty Mavens", "Clubbers & Party People", "Photographers"], "Geographic Information": [], "Interactions": {"Web Interactions": ["subway.com", "homedepot.com", "society6.com", "docasap.com", "adidas.com", "krispykreme.com", "flightclub.com", "pinknews.co.uk", "pilgrimsoul.com", "farmers.com", "crackerbarrel.com", "planetfitness.com", "splendidspoon.com", "google.com", "boutiquerugs.com", "gucci.com", "shopify.com", "whitefoxboutique.com", "therealreal.com", "outdoorvoices.com", "motorola.com", "wired.com", "sugarbearhair.com", "frasiersterling.com", "flaviar.com", "leopardcose.com", "gopuff.com", "theathletic.com", "halloweencostumes.com", "wingstop.com", "petapixel.com", "variety.com", "goldenconcept.com", "express.com", "factor75.com", "pokenerds.co", "volcom.com", "betmgm.com", "fanduel.com", "underclub.com", "mlb.com", "brooklinen.com", "autonationhonda104.com", "homechef.com", "kiehls.com", "roughmaps.com", "tiffany.com", "prattdaddy.com", "regmovies.com", "chase.com", "livingly.com", "missguided.co.uk", "moneywise.com", "dsw.com", "revivesuperfoods.com", "crackle.com", "mountsinai.org", "robinhood.com", "hungryroot.com", "marriott.com", "ilmakiage.com", "vice.com", "apexminecrafthosting.com", "groupon.com", "manieredevoir.com", "rockthevote.org", "victoriassecret.com", "williamhill.com", "hilton.com", "drivepedia.com", "tdameritrade.com", "wigyy.com", "mariemur.com", "playvalorant.com", "therave.com", "tixr.com", "hypegalore.com", "ecu.com", "prettylittlething.us", "masterclass.com", "refinery29.com", "audible.com", "journeys.com", "net-a-porter.com", "com.au", "dinnerly.com", "nike.com", "brumate.com", "patreon.com", "rue21.com", "splendies.com", "shopnwf.org", "wcu.edu", "adoreme.com", "jostens.com", "plannedparenthood.org", "flowoptoffers.com", "yumblekids.com", "dji.com", "dmns.org", "curology.com", "rainbowshops.com", "amomedia.com", "lids.com", "self.com", "atttv.com", "banggood.com", "uniqlo.com", "partycity.com", "duq.edu", "coach.com", "michaels.com", "toomics.com", "prose.com", "neonbeach.com", "klarisana.com", "vanityfair.com", "scarymommy.com", "stockx.com", "definition.org", "farfetch.com", "hbomax.com", "lovepopcards.com", "uber.com", "pacsun.com", "personalfears.com", "hellofresh.com", "13thfloorhauntedhouse.com", "famousfootwear.com", "wayfair.com", "twentytwowords.com", "mtmary.edu", "colehaan.com", "afw.com", "hulu.com", "getcasely.com", "poguesurfshop.co", "underarmour.com", "historychronicle.com", "cosmopolitan.com", "ethikworldwide.com", "smoothieking.com", "imperfectfoods.com", "spotify.com", "blaze.me", "ubereats.com", "ikea.com", "bungie.net", "pizzahut.com", "wsj.com", "cozyearth.com", "footaction.com", "newchic.com", "paramountplus.com", "firstaidbeauty.com", "levooil.com", "windsorstore.com", "fashionnova.com", "joinroot.com", "crateandbarrel.com", "lovevera.com", "usatoday.com", "livingmgz.com", "dutchbros.com", "stitchfix.com", "route.com", "pinchme.com", "penguinmd.com", "nissanusa.com", "ratemyprofessors.com", "ulta.com", "aveda.com", "williamhill.us", "axs.com", "freshly.com", "gentside.co.uk", "snapchat.com", "eightieskids.com", "glossier.com", "cookies.co", "humnutrition.com", "thrillist.com", "instacart.com", "1800flowers.com", "omaze.com", "olivegarden.com", "flyfrontier.com", "drsquatch.com", "nhl.com", "discoveryplus.com", "lnk.to", "colourpop.com", "doughnutofficial.com", "goli.com", "niche.com", "nogu.studio", "eat-fit-mealplan.com", "herroom.com", "angelskates.com", "shutterfly.com", "clipstudio.net", "disneyplus.com", "bitetoothpastebits.com", "ollowcathy.com", "gap.com", "shopcider.com", "doggfacemerch.com", "lulus.com", "myshopify.com", "playboy.com", "footlocker.com", "nymag.com", "blackriflecoffee.com", "funimation.com", "redbubble.com", "morphsuits.com", "winred.com", "xfinity.com", "cbs.com", "denver.org", "yourbump.com", "gelblaster.com", "uncommongoods.com", "cntraveler.com", "bouqs.com", "dollskill.com", "giveusashout.org", "origins.com", "tacobell.com", "mgmresorts.com", "powerade.com", "betterhelp.com", "customwheeloffset.com", "swarovski.com", "morechnge.com", "livingspaces.com", "thecut.com", "campingworld.com", "epicurious.com", "chegg.com", "herb.co", "mylola.com", "dickssportinggoods.com", "kohls.com", "warbyparker.com", "chipotle.com", "nestednaturals.com", "architecturaldigest.com", "thestudioacademyofbeauty.com", "zales.com", "shudder.com", "shipt.com", "kay.com", "fandango.com", "tommy.com", "donaldjtrump.com", "denverhealth.org", "fivebelow.com", "booking.com", "doubleclick.net", "moonmagic.com", "petsmart.com", "madhappy.com", "theoodie.com", "worldation.com", "codot.gov", "hm.com", "tattoodo.com", "hiphopdx.com", "chew.blue", "paireyewear.com", "revolve.com", "newarena.com", "katespade.com", "sonos.com", "radpowerbikes.com", "snoozeeatery.com", "birdsarentreal.com", "nextdoor.com", "priceline.com", "spotsrampage.com", "outbackonlineordering.com", "choicehotels.com", "freshbooks.com", "jetblue.com", "meundies.com", "doordash.com", "william-david.com", "zaful.com", "jamble.com", "aspiration.com", "hufworldwide.com", "nydailynews.com", "inkbox.com", "buzzfeednews.com", "webtoons.com", "vulture.com", "dope.com", "7secondssmile.com", "bluechew.com", "bryananthonys.com", "femmeluxefinery.com", "zennioptical.com", "postmates.com", "autonationchevroletnorth.com", "alfaromeousa.com", "vocal.media", "zeelool.com", "bonappetit.com", "vanityplanet.com", "cafemom.com", "nectarsleep.com", "draftkings.com", "peacocktv.com", "lookhuman.com", "rockthevote.com", "youtooz.com", "forged4x4.com", "codecademy.com", "t-mobile.com", "shawnmen.com", "rticoutdoors.com", "shareably.net", "co.nz", "kfc.com", "blissy.com", "inhhair.com", "discounttire.com", "thecruxice.com", "frankiesbikinis.com", "poshmark.com", "espn.com", "allstate.com", "getfitapps.com", "greenchef.com", "goat.com", "truecar.com", "boohoo.com", "glamour.com", "panerabread.com", "complex.com", "dailywire.com", "fabfitfun.com", "missguidedus.com", "sakara.com", "outback.com", "hemper.co", "shethinx.com", "vans.com", "marvel.com", "drmartens.com", "containerstore.com", "dominos.com", "levi.com", "lalabu.com", "studykik.com", "tickets.com", "sallybeauty.com", "grandmasgiftshop.com", "chewy.com", "benihana.com", "mercari.com", "herschel.com", "grubhub.com", "sephora.com", "iheart.com", "royalcaribbean.com", "worldlifestyle.com", "blackcraftcult.com", "adobe.com", "joebiden.com", "skillshare.com", "bose.com", "ae.com", "amoils.com", "brilliantearth.com", "everyplate.com", "newyorker.com", "fabletics.com", "buzzfeed.com", "saharafun.com", "theblaze.com", "kiwico.com", "maybelline.com", "shein.com", "ranker.com", "nastygal.com", "zaxbys.com", "anker.com", "boujeechicks.com", "independent.co.uk", "boohooman.com", "nordstromrack.com", "finishline.com", "tapwithus.com", "drizly.com", "buffalowildwings.com", "grizly.com", "flexfits.com", "papajohns.com", "cityofthedeadhaunt.com", "vistaprint.com", "bloomberg.com", "smiledirectclub.com", "airbnb.com", "discover.com", "burstoralcare.com", "romwe.com", "barstoolsports.com", "turo.com", "super73.com", "canva.com", "thinkempire.com", "whoop.com"], "App Interactions": ["https://itunes.apple.com/us/app/id1251959800", "https://itunes.apple.com/us/app/id1158660999", "https://itunes.apple.com/us/app/id1510334752", "https://itunes.apple.com/us/app/id587366035", "https://itunes.apple.com/us/app/id1008635411", "https://itunes.apple.com/us/app/id534130702", "https://itunes.apple.com/us/app/id1064216828", "https://itunes.apple.com/us/app/id555063314", "https://itunes.apple.com/us/app/id468996152", "https://itunes.apple.com/us/app/id514485964", "https://itunes.apple.com/us/app/id930441707", "https://itunes.apple.com/us/app/id519817714", "https://itunes.apple.com/us/app/id338137227", "https://itunes.apple.com/us/app/id1094591345", "https://itunes.apple.com/us/app/id1464689103", "https://itunes.apple.com/us/app/id547702041", "https://itunes.apple.com/us/app/id529379082", "https://itunes.apple.com/us/app/id1451295827", "https://itunes.apple.com/us/app/id878577184", "https://itunes.apple.com/us/app/id1449803898", "https://itunes.apple.com/us/app/id447188370", "https://itunes.apple.com/us/app/id351727428", "https://itunes.apple.com/us/app/id1077129212", "https://itunes.apple.com/us/app/id1433784188", "https://itunes.apple.com/us/app/id302920553", "https://itunes.apple.com/us/app/id368677368", "https://itunes.apple.com/us/app/id429047995", "https://itunes.apple.com/us/app/id350189835", "https://itunes.apple.com/us/app/id1486214495", "https://itunes.apple.com/us/app/id324684580", "https://itunes.apple.com/us/app/id586196841", "https://itunes.apple.com/us/app/id1425910407", "https://itunes.apple.com/us/app/id640360962", "https://itunes.apple.com/us/app/id297606951", "https://itunes.apple.com/us/app/id1222483597", "https://itunes.apple.com/us/app/id588013838", "https://itunes.apple.com/us/app/id711923939", "https://itunes.apple.com/us/app/id561930308", "https://itunes.apple.com/us/app/id336353151", "https://itunes.apple.com/us/app/id283646709", "https://itunes.apple.com/us/app/id1058959277", "https://itunes.apple.com/us/app/id1545306176", "https://itunes.apple.com/us/app/id1203637303", "https://itunes.apple.com/us/app/id409838725", "https://itunes.apple.com/us/app/id938003185", "https://itunes.apple.com/us/app/id878783582", "https://itunes.apple.com/us/app/id1483058899", "https://itunes.apple.com/us/app/id719972451", "https://itunes.apple.com/us/app/id1436799971", "https://itunes.apple.com/us/app/id886427730", "https://itunes.apple.com/us/app/id971888874", "https://itunes.apple.com/us/app/id545599256", "https://itunes.apple.com/us/app/id1421091911", "https://itunes.apple.com/us/app/id512393983"]}, "Off-Platform Sharing": [], "Mobile Ad Id": ""}