{"Display Name Change": [{"Date": "2021-03-10 00:08:39 UTC", "Display Name": "\ud83e\udd8a"}, {"Date": "2020-06-15 14:15:51 UTC", "Display Name": "The Dabbing Fox"}, {"Date": "2020-03-11 05:54:59 UTC", "Display Name": "Removed"}, {"Date": "2019-05-18 02:43:36 UTC", "Display Name": "T Kush"}, {"Date": "", "Display Name": "Taylor Hope"}], "Email Change": [], "Mobile Number Change": [{"Date": "2019-09-04 13:13:46 UTC", "Mobile Number": "+17206958623"}, {"Date": "2019-09-04 13:11:44 UTC", "Mobile Number": "Removed"}, {"Date": "2019-05-27 19:52:53 UTC", "Mobile Number": "+17206958623"}, {"Date": "2019-05-10 19:10:47 UTC", "Mobile Number": "Removed"}, {"Date": "2018-10-06 01:35:33 UTC", "Mobile Number": "+17206958623"}, {"Date": "2018-10-05 14:04:57 UTC", "Mobile Number": "Removed"}, {"Date": "2014-12-27 05:07:17 UTC", "Mobile Number": "+17206958623"}], "Password Change": [{"Date": "2019-05-10 19:31:44 UTC"}, {"Date": "2018-12-28 22:14:45 UTC"}], "Snapchat Linked to Bitmoji": [{"Date": "2016-12-02 05:55:16 UTC"}, {"Date": "2016-12-02 05:55:04 UTC"}], "Spectacles": [], "Two-Factor Authentication": [{"Date": "2021-07-12 02:34:57 UTC", "Event": "SMS enabled"}], "Account deactivated / reactivated": []}