{"Basic Information": {"First Name": "", "Last Name": "", "Email": "", "Phone Number": "", "Account Creation Date": "2016-12-02 05:55:09 UTC", "Account Creation User Agent": ""}, "Analytics": {"App Open Count": 0, "Avatar Gender": "female", "Outfit Save Count": 0, "Share Count": 0}, "Terms of Service Acceptance History": [{"Version": "Bitmoji Privacy Policy &amp; Terms of Service - July 19, 2016", "Acceptance Date": "2016-12-02 06:02:09"}, {"Version": "Bitmoji Privacy Policy &amp; Terms of Service - January 10, 2017", "Acceptance Date": "2017-03-31 15:25:54"}, {"Version": "Bitmoji Privacy Policy &amp; Terms of Service - May 15, 2018", "Acceptance Date": "2018-06-17 04:12:29"}, {"Version": "Bitmoji Privacy Policy &amp; Terms of Service - October 15, 2018", "Acceptance Date": "2018-12-05 15:37:32"}], "Search History": [], "Support Cases": [], "Selfies": [], "Keyboard Enable Full Access History (iOS only)": [], "Connected Apps": []}